,algo_volatility,algorithm_period_return,alpha,benchmark_period_return,benchmark_volatility,beta,capital_used,cash,ending_cash,ending_exposure,ending_value,excess_return,gross_leverage,information,long_exposure,long_mavg,long_value,longs_count,max_drawdown,max_leverage,net_leverage,orders,period_close,period_label,period_open,pnl,portfolio_value,positions,price,price_change,returns,sharpe,short_exposure,short_mavg,short_value,shorts_count,signal,sortino,starting_cash,starting_exposure,starting_value,trading_days,transactions,treasury_period_return
2019-11-01 23:59:00+00:00,,0.0,,0.0009999999999998899,,,0.0,,1000.0,0.0,0.0,-0.001,0.0,,0.0,,0.0,0,0.0,0.0,0.0,[],2019-11-01 23:59:00+00:00,2019-11,2019-11-01 00:00:00+00:00,0.0,1000.0,[],,,0.0,,0,,0,0,,,1000.0,0.0,0.0,1,[],0.001
2019-11-02 23:59:00+00:00,0.0,0.0,,0.0020009999999996975,0.0,,0.0,,1000.0,0.0,0.0,-0.001,0.0,,0.0,,0.0,0,0.0,0.0,0.0,[],2019-11-02 23:59:00+00:00,2019-11,2019-11-02 00:00:00+00:00,0.0,1000.0,[],,,0.0,,0,,0,0,,,1000.0,0.0,0.0,2,[],0.001
2019-11-03 23:59:00+00:00,0.0,0.0,,0.0030030009999995055,0.0,,0.0,,1000.0,0.0,0.0,-0.001,0.0,,0.0,,0.0,0,0.0,0.0,0.0,[],2019-11-03 23:59:00+00:00,2019-11,2019-11-03 00:00:00+00:00,0.0,1000.0,[],,,0.0,,0,,0,0,,,1000.0,0.0,0.0,3,[],0.001
2019-11-04 23:59:00+00:00,0.0,0.0,,0.004006004000999486,0.0,,0.0,,1000.0,0.0,0.0,-0.001,0.0,,0.0,,0.0,0,0.0,0.0,0.0,[],2019-11-04 23:59:00+00:00,2019-11,2019-11-04 00:00:00+00:00,0.0,1000.0,[],,,0.0,,0,,0,0,,,1000.0,0.0,0.0,4,[],0.001
2019-11-05 23:59:00+00:00,0.0,0.0,,0.005010010005000343,0.0,,0.0,,1000.0,0.0,0.0,-0.001,0.0,,0.0,,0.0,0,0.0,0.0,0.0,[],2019-11-05 23:59:00+00:00,2019-11,2019-11-05 00:00:00+00:00,0.0,1000.0,[],,,0.0,,0,,0,0,,,1000.0,0.0,0.0,5,[],0.001
2019-11-06 23:59:00+00:00,0.0,0.0,,0.006015020015005312,0.0,,0.0,,1000.0,0.0,0.0,-0.001,0.0,,0.0,,0.0,0,0.0,0.0,0.0,[],2019-11-06 23:59:00+00:00,2019-11,2019-11-06 00:00:00+00:00,0.0,1000.0,[],,,0.0,,0,,0,0,,,1000.0,0.0,0.0,6,[],0.001
2019-11-07 23:59:00+00:00,0.0,0.0,,0.007021035035020162,0.0,,0.0,,1000.0,0.0,0.0,-0.001,0.0,,0.0,,0.0,0,0.0,0.0,0.0,[],2019-11-07 23:59:00+00:00,2019-11,2019-11-07 00:00:00+00:00,0.0,1000.0,[],,,0.0,,0,,0,0,,,1000.0,0.0,0.0,7,[],0.001
2019-11-08 23:59:00+00:00,0.0,0.0,,0.008028056070054967,0.0,,0.0,,1000.0,0.0,0.0,-0.001,0.0,,0.0,,0.0,0,0.0,0.0,0.0,[],2019-11-08 23:59:00+00:00,2019-11,2019-11-08 00:00:00+00:00,0.0,1000.0,[],,,0.0,,0,,0,0,,,1000.0,0.0,0.0,8,[],0.001
2019-11-09 23:59:00+00:00,0.0,0.0,,0.009036084126124999,0.0,,0.0,,1000.0,0.0,0.0,-0.001,0.0,,0.0,,0.0,0,0.0,0.0,0.0,[],2019-11-09 23:59:00+00:00,2019-11,2019-11-09 00:00:00+00:00,0.0,1000.0,[],,,0.0,,0,,0,0,,,1000.0,0.0,0.0,9,[],0.001
2019-11-10 23:59:00+00:00,0.0,0.0,,0.010045120210250946,3.628434473600098e-18,,0.0,,1000.0,0.0,0.0,-0.001,0.0,-4375029501535137.5,0.0,,0.0,0,0.0,0.0,0.0,[],2019-11-10 23:59:00+00:00,2019-11,2019-11-10 00:00:00+00:00,0.0,1000.0,[],,,0.0,,0,,0,0,,,1000.0,0.0,0.0,10,[],0.001
2019-11-11 23:59:00+00:00,0.0,0.0,,0.011055165330461136,3.6102467175966695e-18,,0.0,,1000.0,0.0,0.0,-0.001,0.0,-4397070091917474.5,0.0,,0.0,0,0.0,0.0,0.0,[],2019-11-11 23:59:00+00:00,2019-11,2019-11-11 00:00:00+00:00,0.0,1000.0,[],,,0.0,,0,,0,0,,,1000.0,0.0,0.0,11,[],0.001
2019-11-12 23:59:00+00:00,0.0,0.0,,0.012066220495791535,3.595297391612143e-18,,0.0,,1000.0,0.0,0.0,-0.001,0.0,-4415353206503277.5,0.0,,0.0,0,0.0,0.0,0.0,[],2019-11-12 23:59:00+00:00,2019-11,2019-11-12 00:00:00+00:00,0.0,1000.0,[],,,0.0,,0,,0,0,,,1000.0,0.0,0.0,12,[],0.001
2019-11-13 23:59:00+00:00,0.0,0.0,,0.013078286716287302,7.165583942981724e-18,,0.0,,1000.0,0.0,0.0,-0.001,0.0,-2215382304178533.2,0.0,,0.0,0,0.0,0.0,0.0,[],2019-11-13 23:59:00+00:00,2019-11,2019-11-13 00:00:00+00:00,0.0,1000.0,[],,,0.0,,0,,0,0,,,1000.0,0.0,0.0,13,[],0.001
2019-11-14 23:59:00+00:00,0.0,0.0,,0.014091365003003453,7.144352536483005e-18,,0.0,,1000.0,0.0,0.0,-0.001,0.0,-2221965921379657.2,0.0,,0.0,0,0.0,0.0,0.0,[],2019-11-14 23:59:00+00:00,2019-11,2019-11-14 00:00:00+00:00,0.0,1000.0,[],,,0.0,,0,,0,0,,,1000.0,0.0,0.0,14,[],0.001
2019-11-15 23:59:00+00:00,0.0,0.0,,0.01510545636800642,7.126103841197012e-18,,0.0,,1000.0,0.0,0.0,-0.001,0.0,-2227655984272188.0,0.0,,0.0,0,0.0,0.0,0.0,[],2019-11-15 23:59:00+00:00,2019-11,2019-11-15 00:00:00+00:00,0.0,1000.0,[],,,0.0,,0,,0,0,,,1000.0,0.0,0.0,15,[],0.001
2019-11-16 23:59:00+00:00,0.0,0.0,,0.01612056182437427,7.110250420355455e-18,,0.0,,1000.0,0.0,0.0,-0.001,0.0,-2232622893413359.2,0.0,,0.0,0,0.0,0.0,0.0,[],2019-11-16 23:59:00+00:00,2019-11,2019-11-16 00:00:00+00:00,0.0,1000.0,[],,,0.0,,0,,0,0,,,1000.0,0.0,0.0,16,[],0.001
2019-11-17 23:59:00+00:00,0.0,0.0,,0.017136682386198476,7.09634962422419e-18,,0.0,,1000.0,0.0,0.0,-0.001,0.0,-2236996301901209.5,0.0,,0.0,0,0.0,0.0,0.0,[],2019-11-17 23:59:00+00:00,2019-11,2019-11-17 00:00:00+00:00,0.0,1000.0,[],,,0.0,,0,,0,0,,,1000.0,0.0,0.0,17,[],0.001
2019-11-18 23:59:00+00:00,0.0,0.0,,0.018153819068584598,7.084061563707576e-18,,0.0,,1000.0,0.0,0.0,-0.001,0.0,-2240876610631730.5,0.0,,0.0,0,0.0,0.0,0.0,[],2019-11-18 23:59:00+00:00,2019-11,2019-11-18 00:00:00+00:00,0.0,1000.0,[],,,0.0,,0,,0,0,,,1000.0,0.0,0.0,18,[],0.001
2019-11-19 23:59:00+00:00,0.0,0.0,,0.019171972887653155,7.073120921559066e-18,,0.0,,1000.0,0.0,0.0,-0.001,0.0,-2244342779154477.2,0.0,,0.0,0,0.0,0.0,0.0,[],2019-11-19 23:59:00+00:00,2019-11,2019-11-19 00:00:00+00:00,0.0,1000.0,[],,,0.0,,0,,0,0,,,1000.0,0.0,0.0,19,[],0.001
2019-11-20 23:59:00+00:00,0.0,0.0,,0.020191144860540744,7.063317561447098e-18,,0.0,,1000.0,0.0,0.0,-0.001,0.0,-2247457760222132.8,0.0,,0.0,0,0.0,0.0,0.0,[],2019-11-20 23:59:00+00:00,2019-11,2019-11-20 00:00:00+00:00,0.0,1000.0,[],,,0.0,,0,,0,0,,,1000.0,0.0,0.0,20,[],0.001
2019-11-21 23:59:00+00:00,0.0,0.0,,0.02121133600540115,7.054482889369878e-18,,0.0,,1000.0,0.0,0.0,-0.001,0.0,-2250272360899510.0,0.0,,0.0,0,0.0,0.0,0.0,[],2019-11-21 23:59:00+00:00,2019-11,2019-11-21 00:00:00+00:00,0.0,1000.0,[],,,0.0,,0,,0,0,,,1000.0,0.0,0.0,21,[],0.001
2019-11-22 23:59:00+00:00,0.0,0.0,,0.02223254734140645,1.0569720105194376e-17,,0.0,1000.0,1000.0,0.0,0.0,-0.001,0.0,-1501885358211727.5,0.0,8641.676499998503,0.0,0,0.0,0.0,0.0,[],2019-11-22 23:59:00+00:00,2019-11,2019-11-22 00:00:00+00:00,0.0,1000.0,[],7268.2300000000005,0.0,0.0,,0,7862.957999999996,0,0,,,1000.0,0.0,0.0,22,[],0.001
2019-11-23 23:59:00+00:00,0.0,0.0,,0.02325477988874769,1.0558795326972572e-17,,0.0,1000.0,1000.0,0.0,0.0,-0.001,0.0,-1503439301056999.2,0.0,8547.519499999002,0.0,0,0.0,0.0,0.0,[],2019-11-23 23:59:00+00:00,2019-11,2019-11-23 00:00:00+00:00,0.0,1000.0,[],7311.57,0.005962937331372182,0.0,,0,7687.837999999996,0,0,,,1000.0,0.0,0.0,23,[],0.001
2019-11-24 23:59:00+00:00,0.0,0.0,,0.024278034668636428,1.0548810648307293e-17,,0.0,1000.0,1000.0,0.0,0.0,-0.001,0.0,-1504862339048132.0,0.0,8423.015999999003,0.0,0,0.0,0.0,0.0,[],2019-11-24 23:59:00+00:00,2019-11,2019-11-24 00:00:00+00:00,0.0,1000.0,[],6903.28,-0.05021167464430827,0.0,,0,7441.765999999999,0,0,,,1000.0,0.0,0.0,24,[],0.001
2019-11-25 23:59:00+00:00,0.0,0.0,,0.025302312703304963,1.0539649716793542e-17,,0.0,1000.0,1000.0,0.0,0.0,-0.001,0.0,-1506170346543265.2,0.0,8313.061499999003,0.0,0,0.0,0.0,0.0,[],2019-11-25 23:59:00+00:00,2019-11,2019-11-25 00:00:00+00:00,0.0,1000.0,[],7109.57,-0.021829248661641248,0.0,,0,7244.077999999999,0,0,,,1000.0,0.0,0.0,25,[],0.001
2019-11-26 23:59:00+00:00,0.0,0.0,,0.02632761501600811,1.0531214621631346e-17,,0.0,1000.0,1000.0,0.0,0.0,-0.001,0.0,-1507376730674633.5,0.0,8203.9159999995,0.0,0,0.0,0.0,0.0,[],2019-11-26 23:59:00+00:00,2019-11,2019-11-26 00:00:00+00:00,0.0,1000.0,[],7156.14,-0.015421911524539006,0.0,,0,7149.758000000002,0,0,,,1000.0,0.0,0.0,26,[],0.001
2019-11-27 23:59:00+00:00,0.0,0.0,,0.027353942631024086,1.0523422378891004e-17,,0.0,1000.0,1000.0,0.0,0.0,-0.001,0.0,-1508492892790308.0,0.0,8118.5319999995,0.0,0,0.0,0.0,0.0,[],2019-11-27 23:59:00+00:00,2019-11,2019-11-27 00:00:00+00:00,0.0,1000.0,[],7508.52,0.03306031867456037,0.0,,0,7197.816000000002,0,0,,,1000.0,0.0,0.0,27,[],0.001
2019-11-28 23:59:00+00:00,0.0,0.0,,0.028381296573654957,1.0516202191160117e-17,,0.0,1000.0,1000.0,0.0,0.0,-0.001,0.0,-1509528590058073.8,0.0,8050.8199999994995,0.0,0,0.0,0.0,0.0,[],2019-11-28 23:59:00+00:00,2019-11,2019-11-28 00:00:00+00:00,0.0,1000.0,[],7419.49,0.020811119075758375,0.0,,0,7219.4000000000015,0,0,,,1000.0,0.0,0.0,28,[],0.001
2019-11-29 23:59:00+00:00,0.0,0.0,,0.029409677870228412,1.0509493289557882e-17,,0.0,1000.0,1000.0,0.0,0.0,-0.001,0.0,-1510492221557465.0,0.0,7997.333499999499,0.0,0,0.0,0.0,0.0,[],2019-11-29 23:59:00+00:00,2019-11,2019-11-29 00:00:00+00:00,0.0,1000.0,[],7739.68,0.0648644855762682,0.0,,0,7386.680000000002,0,0,,,1000.0,0.0,0.0,29,[],0.001
2019-11-30 23:59:00+00:00,0.0,0.0,,0.03043908754809843,1.050324321865745e-17,,0.0,1000.0,1000.0,0.0,0.0,-0.001,0.0,-1511391056639424.5,0.0,7922.4545,0.0,0,0.0,0.0,0.0,[],2019-11-30 23:59:00+00:00,2019-11,2019-11-30 00:00:00+00:00,0.0,1000.0,[],7541.89,0.03765153276657451,0.0,,0,7473.143999999998,0,0,,,1000.0,0.0,0.0,30,[],0.001
2019-12-01 23:59:00+00:00,0.0,0.0,,0.031469526635646394,1.0497406461763998e-17,,0.0,1000.0,1000.0,0.0,0.0,-0.001,0.0,-1512231418704157.0,0.0,7855.335500000003,0.0,0,0.0,0.0,0.0,[],2019-12-01 23:59:00+00:00,2019-12,2019-12-01 00:00:00+00:00,0.0,1000.0,[],7390.89,0.016876185811401104,0.0,,0,7520.094000000002,0,0,,,1000.0,0.0,0.0,31,[],0.001
2019-12-02 23:59:00+00:00,0.0,0.0,,0.03250099616228197,1.0491943330266344e-17,,0.0,1000.0,1000.0,0.0,0.0,-0.001,0.0,-1513018834231977.2,0.0,7778.952500000002,0.0,0,0.0,0.0,0.0,[],2019-12-02 23:59:00+00:00,2019-12,2019-12-02 00:00:00+00:00,0.0,1000.0,[],7294.28,0.0035840913124652453,0.0,,0,7477.246000000002,0,0,,,1000.0,0.0,0.0,32,[],0.001
2019-12-03 23:59:00+00:00,0.0,0.0,,0.033533497158444225,1.0486819059713919e-17,,0.0,1000.0,1000.0,0.0,0.0,-0.001,0.0,-1513758154498053.5,0.0,7704.732000000001,0.0,0,0.0,0.0,0.0,[],2019-12-03 23:59:00+00:00,2019-12,2019-12-03 00:00:00+00:00,0.0,1000.0,[],7292.71,0.0033680827381631514,0.0,,0,7451.890000000002,0,0,,,1000.0,0.0,0.0,33,[],0.001
2019-12-04 23:59:00+00:00,0.0,0.0,,0.034567030655602515,1.0482003069076596e-17,,0.0,1000.0,1000.0,0.0,0.0,-0.001,0.0,-1514453655639504.2,0.0,7632.114000000003,0.0,0,0.0,0.0,0.0,[],2019-12-04 23:59:00+00:00,2019-12,2019-12-04 00:00:00+00:00,0.0,1000.0,[],7194.32,-0.010168913201701206,0.0,,0,7342.818000000002,0,0,,,1000.0,0.0,0.0,34,[],0.001
2019-12-05 23:59:00+00:00,0.0,0.0,,0.035601597686258035,1.0477468349820862e-17,,0.0,1000.0,1000.0,0.0,0.0,-0.001,0.0,-1515109121437620.0,0.0,7577.977500000003,0.0,0,0.0,0.0,0.0,[],2019-12-05 23:59:00+00:00,2019-12,2019-12-05 00:00:00+00:00,0.0,1000.0,[],7389.0,0.016616150011763458,0.0,,0,7312.2400000000025,0,0,,,1000.0,0.0,0.0,35,[],0.001
2019-12-06 23:59:00+00:00,0.0,0.0,,0.036637199283944266,1.0473190959011934e-17,,0.0,1000.0,1000.0,0.0,0.0,-0.001,0.0,-1515727912201191.8,0.0,7529.800000000001,0.0,0,0.0,0.0,0.0,[],2019-12-06 23:59:00+00:00,2019-12,2019-12-06 00:00:00+00:00,0.0,1000.0,[],7527.47,0.035667555924895025,0.0,,0,7339.556000000002,0,0,,,1000.0,0.0,0.0,36,[],0.001
2019-12-07 23:59:00+00:00,0.0,0.0,,0.037673836483228085,1.0469149596345926e-17,,0.0,1000.0,1000.0,0.0,0.0,-0.001,0.0,-1516313022399476.8,0.0,7479.090500000001,0.0,0,0.0,0.0,0.0,[],2019-12-07 23:59:00+00:00,2019-12,2019-12-07 00:00:00+00:00,0.0,1000.0,[],7488.21,0.03026596571654991,0.0,,0,7378.342,0,0,,,1000.0,0.0,0.0,37,[],0.001
2019-12-08 23:59:00+00:00,0.0,0.0,,0.038711510319711095,1.0465325249333813e-17,,0.0,1000.0,1000.0,0.0,0.0,-0.001,0.0,-1516867129131803.5,0.0,7445.237499999998,0.0,0,0.0,0.0,0.0,[],2019-12-08 23:59:00+00:00,2019-12,2019-12-08 00:00:00+00:00,0.0,1000.0,[],7510.110000000001,0.033279078950445996,0.0,,0,7421.822,0,0,,,1000.0,0.0,0.0,38,[],0.001
2019-12-09 23:59:00+00:00,0.0,0.0,,0.03975022183003074,1.0461700894160415e-17,,0.0,1000.0,1000.0,0.0,0.0,-0.001,0.0,-1517392633089758.8,0.0,7405.487499999998,0.0,0,0.0,0.0,0.0,[],2019-12-09 23:59:00+00:00,2019-12,2019-12-09 00:00:00+00:00,0.0,1000.0,[],7338.64,0.009687365424594413,0.0,,0,7450.686,0,0,,,1000.0,0.0,0.0,39,[],0.001
2019-12-10 23:59:00+00:00,0.0,0.0,,0.040789972051860746,1.0458261242285703e-17,,0.0,1000.0,1000.0,0.0,0.0,-0.001,0.0,-1517891693334494.0,0.0,7361.7935,0.0,0,0.0,0.0,0.0,"[{'id': 'c86727f998c64b9bbf44ce6e63385445', 'dt': Timestamp('2019-12-10 23:59:00+0000', tz='UTC'), 'reason': None, 'created': Timestamp('2019-12-10 23:59:00+0000', tz='UTC'), 'amount': 0.138424972972524, 'filled': 0, 'commission': 0, 'stop': None, 'limit': None, 'stop_reached': False, 'limit_reached': False, 'sid': Trading Pair btc_usdt(374465) Exchange: binance, Introduced On: 2017-08-18 00:00:00+00:00, Base Currency: btc, Quote Currency: usdt, Exchange Leverage: 1.0, Minimum Trade Size: 1e-06 Last daily ingestion: 2020-03-09 00:00:00+00:00 Last minutely ingestion: 2020-03-10 00:00:00+00:00, 'status': 0}]",2019-12-10 23:59:00+00:00,2019-12,2019-12-10 00:00:00+00:00,0.0,1000.0,[],7224.13,-0.006067501991544071,0.0,,0,7417.7119999999995,0,0,buy,,1000.0,0.0,0.0,40,[],0.001
2019-12-11 23:59:00+00:00,0.004951139270615856,-0.0019970861543187057,,0.04183076202391245,1.0454992524830559e-17,,-1000.0411412862169,-0.04114128621688451,-0.04114128621688451,998.0440551318982,998.0440551318982,-0.0029970861543187058,1.0000412236133243,-3.362407115209927,998.0440551318982,7340.9065,998.0440551318982,1,-0.001997086154318737,1.0000412236133243,1.0000412236133243,"[{'id': 'c86727f998c64b9bbf44ce6e63385445', 'dt': Timestamp('2019-12-11 23:59:00+0000', tz='UTC'), 'reason': None, 'created': Timestamp('2019-12-10 23:59:00+0000', tz='UTC'), 'amount': 0.138424972972524, 'filled': 0.138424972972524, 'commission': 0.9990420991870299, 'stop': None, 'limit': None, 'stop_reached': False, 'limit_reached': False, 'sid': Trading Pair btc_usdt(374465) Exchange: binance, Introduced On: 2017-08-18 00:00:00+00:00, Base Currency: btc, Quote Currency: usdt, Exchange Leverage: 1.0, Minimum Trade Size: 1e-06 Last daily ingestion: 2020-03-09 00:00:00+00:00 Last minutely ingestion: 2020-03-10 00:00:00+00:00, 'status': 1}]",2019-12-11 23:59:00+00:00,2019-12,2019-12-11 00:00:00+00:00,-1.9970861543187084,998.0029138456813,"[{'sid': Trading Pair btc_usdt(374465) Exchange: binance, Introduced On: 2017-08-18 00:00:00+00:00, Base Currency: btc, Quote Currency: usdt, Exchange Leverage: 1.0, Minimum Trade Size: 1e-06 Last daily ingestion: 2020-03-09 00:00:00+00:00 Last minutely ingestion: 2020-03-10 00:00:00+00:00, 'amount': 0.138424972972524, 'cost_basis': 7224.427209999999, 'last_sale_price': 7210.0}]",7210.0,-0.008011579160263292,-0.0019970861543187083,-2.4791816116240124,0,7354.217999999999,0,0,,-2.479181611624012,1000.0,0.0,0.0,41,"[{'amount': 0.138424972972524, 'dt': Timestamp('2019-12-11 23:59:00+0000', tz='UTC'), 'price': 7217.209999999999, 'order_id': 'c86727f998c64b9bbf44ce6e63385445', 'commission': 0.9990420991870299, 'fee_currency': None, 'is_quote_live': False, 'sid': Trading Pair btc_usdt(374465) Exchange: binance, Introduced On: 2017-08-18 00:00:00+00:00, Base Currency: btc, Quote Currency: usdt, Exchange Leverage: 1.0, Minimum Trade Size: 1e-06 Last daily ingestion: 2020-03-09 00:00:00+00:00 Last minutely ingestion: 2020-03-10 00:00:00+00:00}]",0.001
2019-12-12 23:59:00+00:00,0.00627412770222601,-0.003647111832151273,,0.04287259278593614,1.0451882308333109e-17,,0.0,-0.04114128621688451,-0.04114128621688451,996.3940294540656,996.3940294540656,-0.004647111832151273,1.0000412918823296,-2.750061102386759,996.3940294540656,7337.399,996.3940294540656,1,-0.003647111832151211,1.0000412918823296,1.0000412918823296,[],2019-12-12 23:59:00+00:00,2019-12,2019-12-12 00:00:00+00:00,-1.6500256778325593,996.3528881678487,"[{'sid': Trading Pair btc_usdt(374465) Exchange: binance, Introduced On: 2017-08-18 00:00:00+00:00, Base Currency: btc, Quote Currency: usdt, Exchange Leverage: 1.0, Minimum Trade Size: 1e-06 Last daily ingestion: 2020-03-09 00:00:00+00:00 Last minutely ingestion: 2020-03-10 00:00:00+00:00, 'amount': 0.138424972972524, 'cost_basis': 7224.427209999999, 'last_sale_price': 7198.08}]",7198.08,-0.00965159330400944,-0.0016533275153219628,-3.490920659787209,0,7296.192,0,0,,-3.4488432886034732,-0.04114128621688451,998.0440551318982,998.0440551318982,42,[],0.001
2019-12-13 23:59:00+00:00,0.02144051235299235,0.004713756535389413,,0.04391546537872193,1.0448919336676594e-17,,0.0,-0.04114128621688451,-0.04114128621688451,1004.7548978216062,1004.7548978216062,0.003713756535389413,1.0000409482660602,-0.6587636032992349,1004.7548978216062,7334.744500000001,1004.7548978216062,1,-0.003647111832151211,1.0000412918823296,1.0000409482660602,"[{'id': 'a4c61ce92eef488e84bf67ba02b07abb', 'dt': Timestamp('2019-12-13 23:59:00+0000', tz='UTC'), 'reason': None, 'created': Timestamp('2019-12-13 23:59:00+0000', tz='UTC'), 'amount': -0.138424972972524, 'filled': 0, 'commission': 0, 'stop': None, 'limit': None, 'stop_reached': False, 'limit_reached': False, 'sid': Trading Pair btc_usdt(374465) Exchange: binance, Introduced On: 2017-08-18 00:00:00+00:00, Base Currency: btc, Quote Currency: usdt, Exchange Leverage: 1.0, Minimum Trade Size: 1e-06 Last daily ingestion: 2020-03-09 00:00:00+00:00 Last minutely ingestion: 2020-03-10 00:00:00+00:00, 'status': 0}]",2019-12-13 23:59:00+00:00,2019-12,2019-12-13 00:00:00+00:00,8.360868367540547,1004.7137565353893,"[{'sid': Trading Pair btc_usdt(374465) Exchange: binance, Introduced On: 2017-08-18 00:00:00+00:00, Base Currency: btc, Quote Currency: usdt, Exchange Leverage: 1.0, Minimum Trade Size: 1e-06 Last daily ingestion: 2020-03-09 00:00:00+00:00 Last minutely ingestion: 2020-03-10 00:00:00+00:00, 'amount': 0.138424972972524, 'cost_basis': 7224.427209999999, 'last_sale_price': 7258.4800000000005}]",7258.4800000000005,-0.0013414545219400046,0.008391473008037338,1.2959024676947613,0,7245.866,0,0,sell,4.426874267165602,-0.04114128621688451,996.3940294540656,996.3940294540656,43,[],0.001
2019-12-14 23:59:00+00:00,0.07220658521405666,-0.02415491497938127,,0.04495938084410045,1.0446093394951708e-17,,975.8862263068355,975.8450850206186,975.8450850206186,0.0,0.0,-0.02515491497938127,0.0,-0.33972671034248625,0.0,7342.7829999999985,0.0,0,-0.02873323006377466,1.0000412918823296,0.0,"[{'id': 'a4c61ce92eef488e84bf67ba02b07abb', 'dt': Timestamp('2019-12-14 23:59:00+0000', tz='UTC'), 'reason': None, 'created': Timestamp('2019-12-13 23:59:00+0000', tz='UTC'), 'amount': -0.138424972972524, 'filled': -0.138424972972524, 'commission': 0.9768630893962318, 'stop': None, 'limit': None, 'stop_reached': False, 'limit_reached': False, 'sid': Trading Pair btc_usdt(374465) Exchange: binance, Introduced On: 2017-08-18 00:00:00+00:00, Base Currency: btc, Quote Currency: usdt, Exchange Leverage: 1.0, Minimum Trade Size: 1e-06 Last daily ingestion: 2020-03-09 00:00:00+00:00 Last minutely ingestion: 2020-03-10 00:00:00+00:00, 'status': 1}]",2019-12-14 23:59:00+00:00,2019-12,2019-12-14 00:00:00+00:00,-28.868671514770654,975.8450850206186,[],7064.05,-0.028092121465611335,-0.028733230063774692,-1.9030079411202894,0,7190.948000000001,0,0,,-1.990206853528225,-0.04114128621688451,1004.7548978216062,1004.7548978216062,44,"[{'amount': -0.138424972972524, 'dt': Timestamp('2019-12-14 23:59:00+0000', tz='UTC'), 'price': 7056.98595, 'order_id': 'a4c61ce92eef488e84bf67ba02b07abb', 'commission': 0.9768630893962318, 'fee_currency': None, 'is_quote_live': False, 'sid': Trading Pair btc_usdt(374465) Exchange: binance, Introduced On: 2017-08-18 00:00:00+00:00, Base Currency: btc, Quote Currency: usdt, Exchange Leverage: 1.0, Minimum Trade Size: 1e-06 Last daily ingestion: 2020-03-09 00:00:00+00:00 Last minutely ingestion: 2020-03-10 00:00:00+00:00}]",0.001
2019-12-15 23:59:00+00:00,0.0713930019560069,-0.02415491497938127,,0.04600434022494437,1.0443395191782599e-17,,0.0,975.8450850206186,975.8450850206186,0.0,0.0,-0.02515491497938127,0.0,-0.34090386293480457,0.0,7343.2339999999995,0.0,0,-0.02873323006377466,1.0000412918823296,0.0,[],2019-12-15 23:59:00+00:00,2019-12,2019-12-15 00:00:00+00:00,0.0,975.8450850206186,[],7118.59,-0.020588231247497715,0.0,-1.881923331153782,0,7169.840000000001,0,0,,-1.967969207485792,975.8450850206186,0.0,0.0,45,[],0.001
2019-12-16 23:59:00+00:00,0.07060631826326001,-0.02415491497938127,,0.0470503445651691,1.0440816257259566e-17,,0.0,975.8450850206186,975.8450850206186,0.0,0.0,-0.02515491497938127,0.0,-0.3420962673570613,0.0,7330.012999999999,0.0,0,-0.02873323006377466,1.0000412918823296,0.0,[],2019-12-16 23:59:00+00:00,2019-12,2019-12-16 00:00:00+00:00,0.0,975.8450850206186,[],6891.72,-0.05180215815955194,0.0,-1.8615241991616343,0,7106.184000000001,0,0,,-1.9464607014904705,975.8450850206186,0.0,0.0,46,[],0.001
2019-12-17 23:59:00+00:00,0.06984508355924086,-0.02415491497938127,,0.04809739490973408,1.0438348854115753e-17,,0.0,975.8450850206186,975.8450850206186,0.0,0.0,-0.02515491497938127,0.0,-0.3433025481606618,0.0,7285.778,0.0,0,-0.02873323006377466,1.0000412918823296,0.0,[],2019-12-17 23:59:00+00:00,2019-12,2019-12-17 00:00:00+00:00,0.0,975.8450850206186,[],6623.82,-0.08866120087008814,0.0,-1.8417741989860006,0,6991.332,0,0,,-1.925642341421575,975.8450850206186,0.0,0.0,47,[],0.001
2019-12-18 23:59:00+00:00,0.06910795448479666,-0.02415491497938127,,0.04914549230464371,1.043598590018528e-17,,0.0,975.8450850206186,975.8450850206186,0.0,0.0,-0.02515491497938127,0.0,-0.34452144746405033,0.0,7278.6950000000015,0.0,0,-0.02873323006377466,1.0000412918823296,0.0,[],2019-12-18 23:59:00+00:00,2019-12,2019-12-18 00:00:00+00:00,0.0,975.8450850206186,[],7277.83,0.0013208167600639294,0.0,-1.8226396258906032,0,6995.202,0,0,,-1.9054779916103706,975.8450850206186,0.0,0.0,48,[],0.001
2019-12-19 23:59:00+00:00,0.06839368491831245,-0.02415491497938127,,0.050194637796948216,1.0433720900505823e-17,,0.0,975.8450850206186,975.8450850206186,0.0,0.0,-0.02515491497938127,0.0,-0.34575181330140914,0.0,7249.226000000001,0.0,0,-0.02873323006377466,1.0000412918823296,0.0,[],2019-12-19 23:59:00+00:00,2019-12,2019-12-19 00:00:00+00:00,0.0,975.8450850206186,[],7150.3,-0.016225408386911295,0.0,-1.8040891748270338,0,7012.452000000003,0,0,,-1.8859341109562655,975.8450850206186,0.0,0.0,49,[],0.001
2019-12-20 23:59:00+00:00,0.06770111710834924,-0.02415491497938127,,0.05124483243474498,1.0431547887694481e-17,,0.0,975.8450850206186,975.8450850206186,0.0,0.0,-0.02515491497938127,0.0,-0.34699258931024285,0.0,7231.522999999998,0.0,0,-0.02873323006377466,1.0000412918823296,0.0,[],2019-12-20 23:59:00+00:00,2019-12,2019-12-20 00:00:00+00:00,0.0,975.8450850206186,[],7187.83,-0.011061840365536113,0.0,-1.7860937251948645,0,7026.3,0,0,,-1.8669795182194777,975.8450850206186,0.0,0.0,50,[],0.001
2019-12-21 23:59:00+00:00,0.06702917377512672,-0.02415491497938127,,0.052296077267179664,1.0429461369444248e-17,,0.0,975.8450850206186,975.8450850206186,0.0,0.0,-0.02515491497938127,0.0,-0.3482428055824448,0.0,7218.615999999997,0.0,0,-0.02873323006377466,1.0000412918823296,0.0,[],2019-12-21 23:59:00+00:00,2019-12,2019-12-21 00:00:00+00:00,0.0,975.8450850206186,[],7132.75,-0.018640026526403328,0.0,-1.7686261487317527,0,7074.505999999999,0,0,,-1.8485851827527908,975.8450850206186,0.0,0.0,51,[],0.001
2019-12-22 23:59:00+00:00,0.06637685105816828,-0.02415491497938127,,0.05334837334444664,1.0427456282168304e-17,,0.0,975.8450850206186,975.8450850206186,0.0,0.0,-0.02515491497938127,0.0,-0.34950157052920694,0.0,7228.973999999999,0.0,0,-0.02873323006377466,1.0000412918823296,0.0,[],2019-12-22 23:59:00+00:00,2019-12,2019-12-22 00:00:00+00:00,0.0,975.8450850206186,[],7501.4400000000005,0.032086216314013184,0.0,-1.7516611376529347,0,7250.030000000001,0,0,,-1.8307240374767637,975.8450850206186,0.0,0.0,52,[],0.001
2019-12-23 23:59:00+00:00,0.06574321220501086,-0.02415491497938127,,0.05440172171779101,1.0425527949968336e-17,,0.0,975.8450850206186,975.8450850206186,0.0,0.0,-0.02515491497938127,0.0,-0.35076806363171364,0.0,7230.192999999999,0.0,0,-0.02873323006377466,1.0000412918823296,0.0,"[{'id': '2ed31f8914e94f6983f574e495c28d52', 'dt': Timestamp('2019-12-23 23:59:00+0000', tz='UTC'), 'reason': None, 'created': Timestamp('2019-12-23 23:59:00+0000', tz='UTC'), 'amount': 0.13336518821288498, 'filled': 0, 'commission': 0, 'stop': None, 'limit': None, 'stop_reached': False, 'limit_reached': False, 'sid': Trading Pair btc_usdt(374465) Exchange: binance, Introduced On: 2017-08-18 00:00:00+00:00, Base Currency: btc, Quote Currency: usdt, Exchange Leverage: 1.0, Minimum Trade Size: 1e-06 Last daily ingestion: 2020-03-09 00:00:00+00:00 Last minutely ingestion: 2020-03-10 00:00:00+00:00, 'status': 0}]",2019-12-23 23:59:00+00:00,2019-12,2019-12-23 00:00:00+00:00,0.0,975.8450850206186,[],7317.09,0.006722406968409044,0.0,-1.7351750505656012,0,7257.8820000000005,0,0,buy,-1.8133708113571545,975.8450850206186,0.0,0.0,53,[],0.001
2019-12-24 23:59:00+00:00,0.06520403282634987,-0.026091216909871595,,0.05545612343950879,1.0423672048226889e-17,,-969.6034336098949,6.241651410723762,6.241651410723762,967.6671316794045,967.6671316794045,-0.027091216909871596,0.9935911334622946,-0.36057358924310084,967.6671316794045,7233.265499999999,967.6671316794045,1,-0.030660447560196244,1.0000412918823296,0.9935911334622946,"[{'id': '2ed31f8914e94f6983f574e495c28d52', 'dt': Timestamp('2019-12-24 23:59:00+0000', tz='UTC'), 'reason': None, 'created': Timestamp('2019-12-23 23:59:00+0000', tz='UTC'), 'amount': 0.13336518821288498, 'filled': 0.13336518821288498, 'commission': 0.9686347988110838, 'stop': None, 'limit': None, 'stop_reached': False, 'limit_reached': False, 'sid': Trading Pair btc_usdt(374465) Exchange: binance, Introduced On: 2017-08-18 00:00:00+00:00, Base Currency: btc, Quote Currency: usdt, Exchange Leverage: 1.0, Minimum Trade Size: 1e-06 Last daily ingestion: 2020-03-09 00:00:00+00:00 Last minutely ingestion: 2020-03-10 00:00:00+00:00, 'status': 1}]",2019-12-24 23:59:00+00:00,2019-12,2019-12-24 00:00:00+00:00,-1.9363019304903446,973.9087830901283,"[{'sid': Trading Pair btc_usdt(374465) Exchange: binance, Introduced On: 2017-08-18 00:00:00+00:00, Base Currency: btc, Quote Currency: usdt, Exchange Leverage: 1.0, Minimum Trade Size: 1e-06 Last daily ingestion: 2020-03-09 00:00:00+00:00 Last minutely ingestion: 2020-03-10 00:00:00+00:00, 'amount': 0.13336518821288498, 'cost_basis': 7270.2887957699995, 'last_sale_price': 7255.77}]",7255.77,-0.0017143100864997441,-0.001984230858168879,-1.8591366535981737,0,7278.976000000001,0,0,,-1.9404942502754992,975.8450850206186,0.0,0.0,54,"[{'amount': 0.13336518821288498, 'dt': Timestamp('2019-12-24 23:59:00+0000', tz='UTC'), 'price': 7263.025769999999, 'order_id': '2ed31f8914e94f6983f574e495c28d52', 'commission': 0.9686347988110838, 'fee_currency': None, 'is_quote_live': False, 'sid': Trading Pair btc_usdt(374465) Exchange: binance, Introduced On: 2017-08-18 00:00:00+00:00, Base Currency: btc, Quote Currency: usdt, Exchange Leverage: 1.0, Minimum Trade Size: 1e-06 Last daily ingestion: 2020-03-09 00:00:00+00:00 Last minutely ingestion: 2020-03-10 00:00:00+00:00}]",0.001
2019-12-25 23:59:00+00:00,0.06608877167087049,-0.03291151263507852,,0.05651157956294828,1.0421884571226999e-17,,0.0,6.241651410723762,6.241651410723762,960.8468359541976,960.8468359541976,-0.03391151263507852,0.9935459355661127,-0.3842297320121919,960.8468359541976,7224.046999999999,960.8468359541976,1,-0.03744874490443259,1.0000412918823296,0.9935459355661127,[],2019-12-25 23:59:00+00:00,2019-12,2019-12-25 00:00:00+00:00,-6.820295725206961,967.0884873649213,"[{'sid': Trading Pair btc_usdt(374465) Exchange: binance, Introduced On: 2017-08-18 00:00:00+00:00, Base Currency: btc, Quote Currency: usdt, Exchange Leverage: 1.0, Minimum Trade Size: 1e-06 Last daily ingestion: 2020-03-09 00:00:00+00:00 Last minutely ingestion: 2020-03-10 00:00:00+00:00, 'amount': 0.13336518821288498, 'cost_basis': 7270.2887957699995, 'last_sale_price': 7204.63}]",7204.63,-0.00875041103542408,-0.007003012852565877,-2.2864047381849057,0,7282.336,0,0,,-2.3725572647392807,6.241651410723762,967.6671316794045,967.6671316794045,55,[],0.001
2019-12-26 23:59:00+00:00,0.06548713748076225,-0.0332622630800784,,0.05756809114251116,1.0420161803288752e-17,,0.0,6.241651410723762,6.241651410723762,960.4960855091977,960.4960855091977,-0.0342622630800784,0.9935435939114056,-0.3867340396310043,960.4960855091977,7207.7735,960.4960855091977,1,-0.03779784975416552,1.0000412918823296,0.9935435939114056,[],2019-12-26 23:59:00+00:00,2019-12,2019-12-26 00:00:00+00:00,-0.35075044499990327,966.7377369199214,"[{'sid': Trading Pair btc_usdt(374465) Exchange: binance, Introduced On: 2017-08-18 00:00:00+00:00, Base Currency: btc, Quote Currency: usdt, Exchange Leverage: 1.0, Minimum Trade Size: 1e-06 Last daily ingestion: 2020-03-09 00:00:00+00:00 Last minutely ingestion: 2020-03-10 00:00:00+00:00, 'amount': 0.13336518821288498, 'cost_basis': 7270.2887957699995, 'last_sale_price': 7202.0}]",7202.0,-0.009112259793649963,-0.00036268702355832206,-2.2911286451113573,0,7296.186,0,0,,-2.3769596028931606,6.241651410723762,960.8468359541976,960.8468359541976,56,[],0.001
2019-12-27 23:59:00+00:00,0.06697675075300862,-0.02622858305373088,,0.05862565923365359,1.0418500292985073e-17,,0.0,6.241651410723762,6.241651410723762,967.5297655355452,967.5297655355452,-0.02722858305373088,0.9935902293884354,-0.3454035611524927,967.5297655355452,7196.1,967.5297655355452,1,-0.03779784975416552,1.0000412918823296,0.9935902293884354,[],2019-12-27 23:59:00+00:00,2019-12,2019-12-27 00:00:00+00:00,7.033680026347497,973.7714169462689,"[{'sid': Trading Pair btc_usdt(374465) Exchange: binance, Introduced On: 2017-08-18 00:00:00+00:00, Base Currency: btc, Quote Currency: usdt, Exchange Leverage: 1.0, Minimum Trade Size: 1e-06 Last daily ingestion: 2020-03-09 00:00:00+00:00 Last minutely ingestion: 2020-03-10 00:00:00+00:00, 'amount': 0.13336518821288498, 'cost_basis': 7270.2887957699995, 'last_sale_price': 7254.74}]",7254.74,-0.001856022718048368,0.0072756858015672185,-1.7206119175005548,0,7246.846,0,0,,-1.841902910161155,6.241651410723762,960.4960855091977,960.4960855091977,57,[],0.001
2019-12-28 23:59:00+00:00,0.06891119218105575,-0.018039960497459595,,0.05968428489288713,1.0416896830060148e-17,,0.0,6.241651410723762,6.241651410723762,975.7183880918163,975.7183880918163,-0.019039960497459596,0.9936436808427705,-0.3004920332560352,975.7183880918163,7186.401500000002,975.7183880918163,1,-0.03779784975416552,1.0000412918823296,0.9936436808427705,[],2019-12-28 23:59:00+00:00,2019-12,2019-12-28 00:00:00+00:00,8.188622556271184,981.9600395025401,"[{'sid': Trading Pair btc_usdt(374465) Exchange: binance, Introduced On: 2017-08-18 00:00:00+00:00, Base Currency: btc, Quote Currency: usdt, Exchange Leverage: 1.0, Minimum Trade Size: 1e-06 Last daily ingestion: 2020-03-09 00:00:00+00:00 Last minutely ingestion: 2020-03-10 00:00:00+00:00, 'amount': 0.13336518821288498, 'cost_basis': 7270.2887957699995, 'last_sale_price': 7316.14}]",7316.14,0.006591701143194403,0.008409183524764538,-1.1132825719721329,0,7246.656,0,0,,-1.2368911307948482,6.241651410723762,967.5297655355452,967.5297655355452,58,[],0.001
2019-12-29 23:59:00+00:00,0.07143037122497577,-0.008424330427310722,,0.0607439691777798,1.0415348424725685e-17,,0.0,6.241651410723762,6.241651410723762,985.3340181619653,985.3340181619653,-0.009424330427310723,0.9937053201260843,-0.2518627109690652,985.3340181619653,7188.8815,985.3340181619653,1,-0.03779784975416552,1.0000412918823296,0.9937053201260843,[],2019-12-29 23:59:00+00:00,2019-12,2019-12-29 00:00:00+00:00,9.615630070148995,991.5756695726891,"[{'sid': Trading Pair btc_usdt(374465) Exchange: binance, Introduced On: 2017-08-18 00:00:00+00:00, Base Currency: btc, Quote Currency: usdt, Exchange Leverage: 1.0, Minimum Trade Size: 1e-06 Last daily ingestion: 2020-03-09 00:00:00+00:00 Last minutely ingestion: 2020-03-10 00:00:00+00:00, 'amount': 0.13336518821288498, 'cost_basis': 7270.2887957699995, 'last_sale_price': 7388.24}]",7388.24,0.016511585351591695,0.009792282458887292,-0.4702854798322603,0,7273.15,0,0,,-0.5462516827380977,6.241651410723762,975.7183880918163,975.7183880918163,59,[],0.001
2019-12-30 23:59:00+00:00,0.08081865774971574,-0.027394194798711413,,0.06180471314695746,1.0413852289053997e-17,,0.0,6.241651410723762,6.241651410723762,966.3641537905646,966.3641537905646,-0.028394194798711414,0.9935825476494745,-0.28479776204651547,966.3641537905646,7189.975,966.3641537905646,1,-0.03779784975416552,1.0000412918823296,0.9935825476494745,[],2019-12-30 23:59:00+00:00,2019-12,2019-12-30 00:00:00+00:00,-18.969864371400718,972.6058052012884,"[{'sid': Trading Pair btc_usdt(374465) Exchange: binance, Introduced On: 2017-08-18 00:00:00+00:00, Base Currency: btc, Quote Currency: usdt, Exchange Leverage: 1.0, Minimum Trade Size: 1e-06 Last daily ingestion: 2020-03-09 00:00:00+00:00 Last minutely ingestion: 2020-03-10 00:00:00+00:00, 'amount': 0.13336518821288498, 'cost_basis': 7270.2887957699995, 'last_sale_price': 7246.0}]",7246.0,-0.0030585163100232756,-0.01913103049369456,-1.4029324398995553,0,7281.424000000001,0,0,,-1.5639428668992896,6.241651410723762,985.3340181619653,985.3340181619653,60,[],0.001
2019-12-31 23:59:00+00:00,0.08122786373945619,-0.03416514540427951,,0.06286651786010422,1.0412405820224318e-17,,0.0,6.241651410723762,6.241651410723762,959.5932031849965,959.5932031849965,-0.03516514540427951,0.9935375583299524,-0.3042252912099192,959.5932031849965,7189.236500000001,959.5932031849965,1,-0.03869649607838282,1.0000412918823296,0.9935375583299524,[],2019-12-31 23:59:00+00:00,2019-12,2019-12-31 00:00:00+00:00,-6.770950605568146,965.8348545957202,"[{'sid': Trading Pair btc_usdt(374465) Exchange: binance, Introduced On: 2017-08-18 00:00:00+00:00, Base Currency: btc, Quote Currency: usdt, Exchange Leverage: 1.0, Minimum Trade Size: 1e-06 Last daily ingestion: 2020-03-09 00:00:00+00:00 Last minutely ingestion: 2020-03-10 00:00:00+00:00, 'amount': 0.13336518821288498, 'cost_basis': 7270.2887957699995, 'last_sale_price': 7195.2300000000005}]",7195.2300000000005,-0.010043710779653367,-0.006961659666597245,-1.7270430840195363,0,7280.0700000000015,0,0,,-1.914340408054878,6.241651410723762,966.3641537905646,966.3641537905646,61,[],0.001
2020-01-01 23:59:00+00:00,0.08060410351424421,-0.03341563304652295,,0.06392938437796425,1.0411006585410471e-17,,0.0,6.241651410723762,6.241651410723762,960.3427155427529,960.3427155427529,-0.03441563304652295,0.9935425694599257,-0.302346186896308,960.3427155427529,7189.375000000002,960.3427155427529,1,-0.03869649607838282,1.0000412918823296,0.9935425694599257,[],2020-01-01 23:59:00+00:00,2020-01,2020-01-01 00:00:00+00:00,0.74951235775643,966.5843669534767,"[{'sid': Trading Pair btc_usdt(374465) Exchange: binance, Introduced On: 2017-08-18 00:00:00+00:00, Base Currency: btc, Quote Currency: usdt, Exchange Leverage: 1.0, Minimum Trade Size: 1e-06 Last daily ingestion: 2020-03-09 00:00:00+00:00 Last minutely ingestion: 2020-03-10 00:00:00+00:00, 'amount': 0.13336518821288498, 'cost_basis': 7270.2887957699995, 'last_sale_price': 7200.85}]",7200.85,-0.009270482634699246,0.0007760253776202365,-1.6732052248986982,0,7269.292000000001,0,0,,-1.8554457225720498,6.241651410723762,959.5932031849965,959.5932031849965,62,[],0.001
2020-01-02 23:59:00+00:00,0.10229771098073615,-0.06477512340290081,,0.06499331376234219,1.0409652308125338e-17,,0.0,6.241651410723762,6.241651410723762,928.9832251863751,928.9832251863751,-0.06577512340290081,0.9933260421456767,-0.31682538037724345,928.9832251863751,7174.736500000002,928.9832251863751,1,-0.06916286304062619,1.0000412918823296,0.9933260421456767,[],2020-01-02 23:59:00+00:00,2020-01,2020-01-02 00:00:00+00:00,-31.35949035637782,935.2248765970988,"[{'sid': Trading Pair btc_usdt(374465) Exchange: binance, Introduced On: 2017-08-18 00:00:00+00:00, Base Currency: btc, Quote Currency: usdt, Exchange Leverage: 1.0, Minimum Trade Size: 1e-06 Last daily ingestion: 2020-03-09 00:00:00+00:00 Last minutely ingestion: 2020-03-10 00:00:00+00:00, 'amount': 0.13336518821288498, 'cost_basis': 7270.2887957699995, 'last_sale_price': 6965.71}]",6965.71,-0.041622238151517,-0.032443614265372456,-2.5660487646631354,0,7199.206000000001,0,0,,-2.7060624757817395,6.241651410723762,960.3427155427529,960.3427155427529,63,[],0.001
2020-01-03 23:59:00+00:00,0.14920870200002997,-0.014196375773164127,,0.0660583070761045,1.0408340855860843e-17,,0.0,6.241651410723762,6.241651410723762,979.5619728161117,979.5619728161117,-0.015196375773164128,0.9936684637210387,-0.12558049887023703,979.5619728161117,7188.782000000001,979.5619728161117,1,-0.06916286304062619,1.0000412918823296,0.9936684637210387,[],2020-01-03 23:59:00+00:00,2020-01,2020-01-03 00:00:00+00:00,50.578747629736654,985.8036242268355,"[{'sid': Trading Pair btc_usdt(374465) Exchange: binance, Introduced On: 2017-08-18 00:00:00+00:00, Base Currency: btc, Quote Currency: usdt, Exchange Leverage: 1.0, Minimum Trade Size: 1e-06 Last daily ingestion: 2020-03-09 00:00:00+00:00 Last minutely ingestion: 2020-03-10 00:00:00+00:00, 'amount': 0.13336518821288498, 'cost_basis': 7270.2887957699995, 'last_sale_price': 7344.96}]",7344.96,0.010556903124969843,0.05408191002550322,-0.3046190789153856,0,7190.550000000001,0,0,,-0.4722565204326894,6.241651410723762,928.9832251863751,928.9832251863751,64,[],0.001
2020-01-04 23:59:00+00:00,0.14806475481628265,-0.012976084301016266,,0.06712436538318056,1.0407070228882311e-17,,0.0,6.241651410723762,6.241651410723762,980.7822642882596,980.7822642882596,-0.013976084301016267,0.9936762916161929,-0.12421145619290498,980.7822642882596,7200.558,980.7822642882596,1,-0.06916286304062619,1.0000412918823296,0.9936762916161929,[],2020-01-04 23:59:00+00:00,2020-01,2020-01-04 00:00:00+00:00,1.220291472147892,987.0239156989834,"[{'sid': Trading Pair btc_usdt(374465) Exchange: binance, Introduced On: 2017-08-18 00:00:00+00:00, Base Currency: btc, Quote Currency: usdt, Exchange Leverage: 1.0, Minimum Trade Size: 1e-06 Last daily ingestion: 2020-03-09 00:00:00+00:00 Last minutely ingestion: 2020-03-10 00:00:00+00:00, 'amount': 0.13336518821288498, 'cost_basis': 7270.2887957699995, 'last_sale_price': 7354.110000000001}]",7354.110000000001,0.011815806599405922,0.0012378646640754287,-0.2698376977556979,0,7212.172000000001,0,0,,-0.418357651060259,6.241651410723762,979.5619728161117,979.5619728161117,65,[],0.001
2020-01-05 23:59:00+00:00,0.14692939761806795,-0.012357269827708461,,0.0681914897485636,1.0405838550053347e-17,,0.0,6.241651410723762,6.241651410723762,981.4010787615674,981.4010787615674,-0.013357269827708462,0.9936802537799929,-0.12388541396434236,981.4010787615674,7223.9095,981.4010787615674,1,-0.06916286304062619,1.0000412918823296,0.9936802537799929,[],2020-01-05 23:59:00+00:00,2020-01,2020-01-05 00:00:00+00:00,0.6188144733077934,987.6427301722912,"[{'sid': Trading Pair btc_usdt(374465) Exchange: binance, Introduced On: 2017-08-18 00:00:00+00:00, Base Currency: btc, Quote Currency: usdt, Exchange Leverage: 1.0, Minimum Trade Size: 1e-06 Last daily ingestion: 2020-03-09 00:00:00+00:00 Last minutely ingestion: 2020-03-10 00:00:00+00:00, 'amount': 0.13336518821288498, 'cost_basis': 7270.2887957699995, 'last_sale_price': 7358.75}]",7358.75,0.01245420136677011,0.000626949827116971,-0.25151051719305023,0,7244.876000000001,0,0,,-0.3899182288295597,6.241651410723762,980.7822642882596,980.7822642882596,66,[],0.001
2020-01-06 23:59:00+00:00,0.17959046546602941,0.040888781566285726,,0.06925968123831194,1.0404644055582322e-17,,0.0,6.241651410723762,6.241651410723762,1034.6471301555616,1034.6471301555616,0.039888781566285725,0.994003536668604,-0.0300354115265707,1034.6471301555616,7280.618500000001,1034.6471301555616,1,-0.06916286304062619,1.0000412918823296,0.994003536668604,[],2020-01-06 23:59:00+00:00,2020-01,2020-01-06 00:00:00+00:00,53.24605139399421,1040.8887815662854,"[{'sid': Trading Pair btc_usdt(374465) Exchange: binance, Introduced On: 2017-08-18 00:00:00+00:00, Base Currency: btc, Quote Currency: usdt, Exchange Leverage: 1.0, Minimum Trade Size: 1e-06 Last daily ingestion: 2020-03-09 00:00:00+00:00 Last minutely ingestion: 2020-03-10 00:00:00+00:00, 'amount': 0.13336518821288498, 'cost_basis': 7270.2887957699995, 'last_sale_price': 7758.0}]",7758.0,0.06738504422672363,0.053912259734555636,0.9263951556721233,0,7356.306000000001,0,0,,1.7686979634384141,6.241651410723762,981.4010787615674,981.4010787615674,67,[],0.001
2020-01-07 23:59:00+00:00,0.2016304716121031,0.09253845165737196,,0.07032894091955022,1.0403485086594536e-17,,0.0,6.241651410723762,6.241651410723762,1086.2968002466478,1086.2968002466478,0.09153845165737196,0.9942870190049099,0.029934446734769613,1086.2968002466478,7323.991,1086.2968002466478,1,-0.06916286304062619,1.0000412918823296,0.9942870190049099,[],2020-01-07 23:59:00+00:00,2020-01,2020-01-07 00:00:00+00:00,51.649670091086136,1092.5384516573715,"[{'sid': Trading Pair btc_usdt(374465) Exchange: binance, Introduced On: 2017-08-18 00:00:00+00:00, Base Currency: btc, Quote Currency: usdt, Exchange Leverage: 1.0, Minimum Trade Size: 1e-06 Last daily ingestion: 2020-03-09 00:00:00+00:00 Last minutely ingestion: 2020-03-10 00:00:00+00:00, 'amount': 0.13336518821288498, 'cost_basis': 7270.2887957699995, 'last_sale_price': 8145.28}]",8145.28,0.12066899368897231,0.049620738551304104,1.7250057026332717,0,7592.220000000001,0,0,,3.725099524356919,6.241651410723762,1034.6471301555616,1034.6471301555616,68,[],0.001
2020-01-08 23:59:00+00:00,0.2015138008488629,0.08062894034996138,,0.07139926986046974,1.040236008144536e-17,,0.0,6.241651410723762,6.241651410723762,1074.3872889392371,1074.3872889392371,0.07962894034996137,0.9942240567713257,0.015930759805998746,1074.3872889392371,7369.275000000003,1074.3872889392371,1,-0.06916286304062619,1.0000412918823296,0.9942240567713257,[],2020-01-08 23:59:00+00:00,2020-01,2020-01-08 00:00:00+00:00,-11.90951130741064,1080.6289403499609,"[{'sid': Trading Pair btc_usdt(374465) Exchange: binance, Introduced On: 2017-08-18 00:00:00+00:00, Base Currency: btc, Quote Currency: usdt, Exchange Leverage: 1.0, Minimum Trade Size: 1e-06 Last daily ingestion: 2020-03-09 00:00:00+00:00 Last minutely ingestion: 2020-03-10 00:00:00+00:00, 'amount': 0.13336518821288498, 'cost_basis': 7270.2887957699995, 'last_sale_price': 8055.9800000000005}]",8055.9800000000005,0.1083826461187937,-0.010900770850988367,1.5034276694243156,0,7734.424000000002,0,0,,3.188953898677292,6.241651410723762,1086.2968002466478,1086.2968002466478,69,[],0.001
2020-01-09 23:59:00+00:00,0.20830418075890073,0.04885868521388792,,0.07247066913033007,1.0401267568699456e-17,,0.0,6.241651410723762,6.241651410723762,1042.6170338031636,1042.6170338031636,0.04785868521388792,0.9940491016581028,-0.017904660004127177,1042.6170338031636,7400.771500000004,1042.6170338031636,1,-0.06916286304062619,1.0000412918823296,0.9940491016581028,[],2020-01-09 23:59:00+00:00,2020-01,2020-01-09 00:00:00+00:00,-31.7702551360735,1048.8586852138874,"[{'sid': Trading Pair btc_usdt(374465) Exchange: binance, Introduced On: 2017-08-18 00:00:00+00:00, Base Currency: btc, Quote Currency: usdt, Exchange Leverage: 1.0, Minimum Trade Size: 1e-06 Last daily ingestion: 2020-03-09 00:00:00+00:00 Last minutely ingestion: 2020-03-10 00:00:00+00:00, 'amount': 0.13336518821288498, 'cost_basis': 7270.2887957699995, 'last_sale_price': 7817.76}]",7817.76,0.07560712855812209,-0.02939978187682511,0.9255416197874218,0,7827.154000000002,0,0,,1.7593496807700915,6.241651410723762,1074.3872889392371,1074.3872889392371,70,[],0.001
2020-01-10 23:59:00+00:00,0.2253108984386623,0.09943876649550698,,0.07354313979946037,1.0400206160709682e-17,,0.0,6.241651410723762,6.241651410723762,1093.1971150847826,1093.1971150847826,0.09843876649550698,0.9943228749058766,0.030542052155233385,1093.1971150847826,7453.985000000002,1093.1971150847826,1,-0.06916286304062619,1.0000412918823296,0.9943228749058766,[],2020-01-10 23:59:00+00:00,2020-01,2020-01-10 00:00:00+00:00,50.58008128161896,1099.4387664955063,"[{'sid': Trading Pair btc_usdt(374465) Exchange: binance, Introduced On: 2017-08-18 00:00:00+00:00, Base Currency: btc, Quote Currency: usdt, Exchange Leverage: 1.0, Minimum Trade Size: 1e-06 Last daily ingestion: 2020-03-09 00:00:00+00:00 Last minutely ingestion: 2020-03-10 00:00:00+00:00, 'amount': 0.13336518821288498, 'cost_basis': 7270.2887957699995, 'last_sale_price': 8197.02}]",8197.02,0.12778764568540069,0.048223923770345165,1.6032945993095717,0,7994.808000000002,0,0,,3.3199680975294408,6.241651410723762,1042.6170338031636,1042.6170338031636,71,[],0.001
2020-01-11 23:59:00+00:00,0.22778562381675474,0.07583179452994404,,0.0746166829392596,1.0399174547736781e-17,,0.0,6.241651410723762,6.241651410723762,1069.5901431192196,1069.5901431192196,0.07483179452994404,0.9941983017768583,0.008039606005543815,1069.5901431192196,7479.913500000002,1069.5901431192196,1,-0.06916286304062619,1.0000412918823296,0.9941983017768583,[],2020-01-11 23:59:00+00:00,2020-01,2020-01-11 00:00:00+00:00,-23.606971965562934,1075.8317945299434,"[{'sid': Trading Pair btc_usdt(374465) Exchange: binance, Introduced On: 2017-08-18 00:00:00+00:00, Base Currency: btc, Quote Currency: usdt, Exchange Leverage: 1.0, Minimum Trade Size: 1e-06 Last daily ingestion: 2020-03-09 00:00:00+00:00 Last minutely ingestion: 2020-03-10 00:00:00+00:00, 'amount': 0.13336518821288498, 'cost_basis': 7270.2887957699995, 'last_sale_price': 8020.01}]",8020.01,0.10343371082092885,-0.021471838800819126,1.2339281444394972,0,8047.210000000002,0,0,,2.4382562569659743,6.241651410723762,1093.1971150847826,1093.1971150847826,72,[],0.001
2020-01-12 23:59:00+00:00,0.2290331515188445,0.09783304962942374,,0.07569129962219878,1.039817149255743e-17,,0.0,6.241651410723762,6.241651410723762,1091.5913982186994,1091.5913982186994,0.09683304962942374,0.9943145714069815,0.026353818441675458,1091.5913982186994,7523.308000000002,1091.5913982186994,1,-0.06916286304062619,1.0000412918823296,0.9943145714069815,[],2020-01-12 23:59:00+00:00,2020-01,2020-01-12 00:00:00+00:00,22.00125509947975,1097.8330496294232,"[{'sid': Trading Pair btc_usdt(374465) Exchange: binance, Introduced On: 2017-08-18 00:00:00+00:00, Base Currency: btc, Quote Currency: usdt, Exchange Leverage: 1.0, Minimum Trade Size: 1e-06 Last daily ingestion: 2020-03-09 00:00:00+00:00 Last minutely ingestion: 2020-03-10 00:00:00+00:00, 'amount': 0.13336518821288498, 'cost_basis': 7270.2887957699995, 'last_sale_price': 8184.9800000000005}]",8184.9800000000005,0.12613112133215376,0.02045046001739763,1.5186312961228945,0,8055.150000000003,0,0,,3.0381488150905986,6.241651410723762,1069.5901431192196,1069.5901431192196,73,[],0.001
2020-01-13 23:59:00+00:00,0.22827463520800478,0.08787867198121391,,0.07676699092182093,1.0397195825513991e-17,,0.0,6.241651410723762,6.241651410723762,1081.6370205704895,1081.6370205704895,0.0868786719812139,0.9942625482312686,0.016623361091396394,1081.6370205704895,7566.036500000002,1081.6370205704895,1,-0.06916286304062619,1.0000412918823296,0.9942625482312686,[],2020-01-13 23:59:00+00:00,2020-01,2020-01-13 00:00:00+00:00,-9.954377648209856,1087.8786719812133,"[{'sid': Trading Pair btc_usdt(374465) Exchange: binance, Introduced On: 2017-08-18 00:00:00+00:00, Base Currency: btc, Quote Currency: usdt, Exchange Leverage: 1.0, Minimum Trade Size: 1e-06 Last daily ingestion: 2020-03-09 00:00:00+00:00 Last minutely ingestion: 2020-03-10 00:00:00+00:00, 'amount': 0.13336518821288498, 'cost_basis': 7270.2887957699995, 'last_sale_price': 8110.34}]",8110.34,0.11586177102265609,-0.009067296390439317,1.3678211019114557,0,8066.022000000002,0,0,,2.7167375727559557,6.241651410723762,1091.5913982186994,1091.5913982186994,74,[],0.001
2020-01-14 23:59:00+00:00,0.27462006373326503,0.1811902932181233,,0.07784375791274267,1.0396246439964325e-17,,0.0,6.241651410723762,6.241651410723762,1174.9486418073989,1174.9486418073989,0.1801902932181233,0.9947157952054292,0.07897220945367285,1174.9486418073989,7646.3055,1174.9486418073989,1,-0.06916286304062619,1.0000412918823296,0.9947157952054292,[],2020-01-14 23:59:00+00:00,2020-01,2020-01-14 00:00:00+00:00,93.31162123690933,1181.1902932181226,"[{'sid': Trading Pair btc_usdt(374465) Exchange: binance, Introduced On: 2017-08-18 00:00:00+00:00, Base Currency: btc, Quote Currency: usdt, Exchange Leverage: 1.0, Minimum Trade Size: 1e-06 Last daily ingestion: 2020-03-09 00:00:00+00:00 Last minutely ingestion: 2020-03-10 00:00:00+00:00, 'amount': 0.13336518821288498, 'cost_basis': 7270.2887957699995, 'last_sale_price': 8810.01}]",8810.01,0.21212592336786254,0.08577392280976784,2.17127638367934,0,8264.472000000002,0,0,,5.223034281533562,6.241651410723762,1081.6370205704895,1081.6370205704895,75,[],0.001
2020-01-15 23:59:00+00:00,0.27279019582435676,0.18271065636374995,,0.07892160167065532,1.0395322288094417e-17,,0.0,6.241651410723762,6.241651410723762,1176.4690049530257,1176.4690049530257,0.18171065636374995,0.9947225879997448,0.07867574072284,1176.4690049530257,7727.276000000001,1176.4690049530257,1,-0.06916286304062619,1.0000412918823296,0.9947225879997448,[],2020-01-15 23:59:00+00:00,2020-01,2020-01-15 00:00:00+00:00,1.5203631456267885,1182.7106563637494,"[{'sid': Trading Pair btc_usdt(374465) Exchange: binance, Introduced On: 2017-08-18 00:00:00+00:00, Base Currency: btc, Quote Currency: usdt, Exchange Leverage: 1.0, Minimum Trade Size: 1e-06 Last daily ingestion: 2020-03-09 00:00:00+00:00 Last minutely ingestion: 2020-03-10 00:00:00+00:00, 'amount': 0.13336518821288498, 'cost_basis': 7270.2887957699995, 'last_sale_price': 8821.41}]",8821.41,0.21369439327043852,0.0012871449709297882,2.17272553071959,0,8389.35,0,0,,5.226191191862139,6.241651410723762,1174.9486418073989,1174.9486418073989,76,[],0.001
2020-01-16 23:59:00+00:00,0.2721348084239614,0.16918742627896344,,0.08000052327232576,1.0394422377060564e-17,,0.0,6.241651410723762,6.241651410723762,1162.9457748682391,1162.9457748682391,0.16818742627896344,0.9946615476095323,0.06842123526933012,1162.9457748682391,7800.539500000002,1162.9457748682391,1,-0.06916286304062619,1.0000412918823296,0.9946615476095323,[],2020-01-16 23:59:00+00:00,2020-01,2020-01-16 00:00:00+00:00,-13.523230084786519,1169.187426278963,"[{'sid': Trading Pair btc_usdt(374465) Exchange: binance, Introduced On: 2017-08-18 00:00:00+00:00, Base Currency: btc, Quote Currency: usdt, Exchange Leverage: 1.0, Minimum Trade Size: 1e-06 Last daily ingestion: 2020-03-09 00:00:00+00:00 Last minutely ingestion: 2020-03-10 00:00:00+00:00, 'amount': 0.13336518821288498, 'cost_basis': 7270.2887957699995, 'last_sale_price': 8720.01}]",8720.01,0.19974326624226252,-0.01143409845174116,2.0121650765931607,0,8529.35,0,0,,4.780129166051139,6.241651410723762,1176.4690049530257,1176.4690049530257,77,[],0.001
2020-01-17 23:59:00+00:00,0.2727113492471875,0.19496291620486783,,0.08108052379559805,1.0393545765431168e-17,,0.0,6.241651410723762,6.241651410723762,1188.7212647941435,1188.7212647941435,0.19396291620486783,0.9947766986522504,0.08310721156631173,1188.7212647941435,7880.396500000001,1188.7212647941435,1,-0.06916286304062619,1.0000412918823296,0.9947766986522504,[],2020-01-17 23:59:00+00:00,2020-01,2020-01-17 00:00:00+00:00,25.775489925904367,1194.9629162048673,"[{'sid': Trading Pair btc_usdt(374465) Exchange: binance, Introduced On: 2017-08-18 00:00:00+00:00, Base Currency: btc, Quote Currency: usdt, Exchange Leverage: 1.0, Minimum Trade Size: 1e-06 Last daily ingestion: 2020-03-09 00:00:00+00:00 Last minutely ingestion: 2020-03-10 00:00:00+00:00, 'amount': 0.13336518821288498, 'cost_basis': 7270.2887957699995, 'last_sale_price': 8913.28}]",8913.28,0.2263343344940928,0.022045644134180458,2.2433400356635196,0,8675.009999999998,0,0,,5.375169792573048,6.241651410723762,1162.9457748682391,1162.9457748682391,78,[],0.001
2020-01-18 23:59:00+00:00,0.27098422973153935,0.19532033490794465,,0.08216160431939357,1.039269155990144e-17,,0.0,6.241651410723762,6.241651410723762,1189.0786834972203,1189.0786834972203,0.19432033490794465,0.9947782604976728,0.08205846535059337,1189.0786834972203,7956.782499999499,1189.0786834972203,1,-0.06916286304062619,1.0000412918823296,0.9947782604976728,[],2020-01-18 23:59:00+00:00,2020-01,2020-01-18 00:00:00+00:00,0.35741870307674617,1195.320334907944,"[{'sid': Trading Pair btc_usdt(374465) Exchange: binance, Introduced On: 2017-08-18 00:00:00+00:00, Base Currency: btc, Quote Currency: usdt, Exchange Leverage: 1.0, Minimum Trade Size: 1e-06 Last daily ingestion: 2020-03-09 00:00:00+00:00 Last minutely ingestion: 2020-03-10 00:00:00+00:00, 'amount': 0.13336518821288498, 'cost_basis': 7270.2887957699995, 'last_sale_price': 8915.95999999}]",8915.95999999,0.2267030625049014,0.00029910443096584717,2.232581168683299,0,8836.133999998001,0,0,,5.34947777070035,6.241651410723762,1188.7212647941435,1188.7212647941435,79,[],0.001
2020-01-19 23:59:00+00:00,0.27328154689636064,0.16674550968278568,,0.08324376592371285,1.0391858912256799e-17,,0.0,6.241651410723762,6.241651410723762,1160.5038582720613,1160.5038582720613,0.16574550968278567,0.9946503746027523,0.06226745140401409,1160.5038582720613,8029.567499999501,1160.5038582720613,1,-0.06916286304062619,1.0000412918823296,0.9946503746027523,[],2020-01-19 23:59:00+00:00,2020-01,2020-01-19 00:00:00+00:00,-28.574825225158975,1166.745509682785,"[{'sid': Trading Pair btc_usdt(374465) Exchange: binance, Introduced On: 2017-08-18 00:00:00+00:00, Base Currency: btc, Quote Currency: usdt, Exchange Leverage: 1.0, Minimum Trade Size: 1e-06 Last daily ingestion: 2020-03-09 00:00:00+00:00 Last minutely ingestion: 2020-03-10 00:00:00+00:00, 'amount': 0.13336518821288498, 'cost_basis': 7270.2887957699995, 'last_sale_price': 8701.7}]",8701.7,0.19722408344259884,-0.02390557944231713,1.9105910749972344,0,8814.471999997999,0,0,,4.346469969013254,6.241651410723762,1189.0786834972203,1189.0786834972203,80,[],0.001
2020-01-20 23:59:00+00:00,0.27201703471834154,0.15883028576235092,,0.08432700968963647,1.0391047016563366e-17,,0.0,6.241651410723762,6.241651410723762,1152.5886343516265,1152.5886343516265,0.15783028576235092,0.9946138347543984,0.056176409250972774,1152.5886343516265,8101.9234999995,1152.5886343516265,1,-0.06916286304062619,1.0000412918823296,0.9946138347543984,[],2020-01-20 23:59:00+00:00,2020-01,2020-01-20 00:00:00+00:00,-7.915223920434755,1158.8302857623503,"[{'sid': Trading Pair btc_usdt(374465) Exchange: binance, Introduced On: 2017-08-18 00:00:00+00:00, Base Currency: btc, Quote Currency: usdt, Exchange Leverage: 1.0, Minimum Trade Size: 1e-06 Last daily ingestion: 2020-03-09 00:00:00+00:00 Last minutely ingestion: 2020-03-10 00:00:00+00:00, 'amount': 0.13336518821288498, 'cost_basis': 7270.2887957699995, 'last_sale_price': 8642.35}]",8642.35,0.18905840899366141,-0.006784019183915049,1.8181854197615013,0,8778.659999997999,0,0,,4.122112116276833,6.241651410723762,1160.5038582720613,1160.5038582720613,81,[],0.001
2020-01-21 23:59:00+00:00,0.27077438260889825,0.17132393659413436,,0.08541133669932588,1.0390255106565905e-17,,0.0,6.241651410723762,6.241651410723762,1165.0822851834098,1165.0822851834098,0.17032393659413436,0.9946712850171298,0.06273915791147458,1165.0822851834098,8178.682499999499,1165.0822851834098,1,-0.06916286304062619,1.0000412918823296,0.9946712850171298,[],2020-01-21 23:59:00+00:00,2020-01,2020-01-21 00:00:00+00:00,12.49365083178327,1171.3239365941336,"[{'sid': Trading Pair btc_usdt(374465) Exchange: binance, Introduced On: 2017-08-18 00:00:00+00:00, Base Currency: btc, Quote Currency: usdt, Exchange Leverage: 1.0, Minimum Trade Size: 1e-06 Last daily ingestion: 2020-03-09 00:00:00+00:00 Last minutely ingestion: 2020-03-10 00:00:00+00:00, 'amount': 0.13336518821288498, 'cost_basis': 7270.2887957699995, 'last_sale_price': 8736.03}]",8736.03,0.20194737921061937,0.010781260194251976,1.9266173665292805,0,8781.863999997997,0,0,,4.374747471279033,6.241651410723762,1152.5886343516265,1152.5886343516265,82,[],0.001
2020-01-22 23:59:00+00:00,0.26949552380100555,0.16416622694274863,,0.08649674803602503,1.0389482453275635e-17,,0.0,6.241651410723762,6.241651410723762,1157.9245755320242,1157.9245755320242,0.16316622694274863,0.994638522174694,0.05723092256316993,1157.9245755320242,8264.514999999501,1157.9245755320242,1,-0.06916286304062619,1.0000412918823296,0.994638522174694,[],2020-01-22 23:59:00+00:00,2020-01,2020-01-22 00:00:00+00:00,-7.15770965138563,1164.166226942748,"[{'sid': Trading Pair btc_usdt(374465) Exchange: binance, Introduced On: 2017-08-18 00:00:00+00:00, Base Currency: btc, Quote Currency: usdt, Exchange Leverage: 1.0, Minimum Trade Size: 1e-06 Last daily ingestion: 2020-03-09 00:00:00+00:00 Last minutely ingestion: 2020-03-10 00:00:00+00:00, 'amount': 0.13336518821288498, 'cost_basis': 7270.2887957699995, 'last_sale_price': 8682.36}]",8682.36,0.19456318801138656,-0.006110785776476276,1.8435931965010568,0,8735.679999997998,0,0,,4.174969843578248,6.241651410723762,1165.0822851834098,1165.0822851834098,83,[],0.001
2020-01-23 23:59:00+00:00,0.2741901373068147,0.1271120430496806,,0.08758324478406099,1.0388728362731853e-17,,0.0,6.241651410723762,6.241651410723762,1120.870391638956,1120.870391638956,0.1261120430496806,0.9944622618051038,0.03295442021147959,1120.870391638956,8317.4929999995,1120.870391638956,1,-0.06916286304062619,1.0000412918823296,0.9944622618051038,[],2020-01-23 23:59:00+00:00,2020-01,2020-01-23 00:00:00+00:00,-37.05418389306806,1127.1120430496799,"[{'sid': Trading Pair btc_usdt(374465) Exchange: binance, Introduced On: 2017-08-18 00:00:00+00:00, Base Currency: btc, Quote Currency: usdt, Exchange Leverage: 1.0, Minimum Trade Size: 1e-06 Last daily ingestion: 2020-03-09 00:00:00+00:00 Last minutely ingestion: 2020-03-10 00:00:00+00:00, 'amount': 0.13336518821288498, 'cost_basis': 7270.2887957699995, 'last_sale_price': 8404.52}]",8404.52,0.15633654961386745,-0.03182894593186848,1.4422054600200083,0,8633.391999999996,0,0,,3.02996085237454,6.241651410723762,1157.9245755320242,1157.9245755320242,84,[],0.001
2020-01-24 23:59:00+00:00,0.2725874465877214,0.13171047473926079,,0.08867082802884485,1.0387992173923025e-17,,0.0,6.241651410723762,6.241651410723762,1125.4688233285365,1125.4688233285365,0.13071047473926078,0.9944847630643678,0.03486829858256718,1125.4688233285365,8371.737499999499,1125.4688233285365,1,-0.06916286304062619,1.0000412918823296,0.9944847630643678,[],2020-01-24 23:59:00+00:00,2020-01,2020-01-24 00:00:00+00:00,4.598431689580366,1131.7104747392602,"[{'sid': Trading Pair btc_usdt(374465) Exchange: binance, Introduced On: 2017-08-18 00:00:00+00:00, Base Currency: btc, Quote Currency: usdt, Exchange Leverage: 1.0, Minimum Trade Size: 1e-06 Last daily ingestion: 2020-03-09 00:00:00+00:00 Last minutely ingestion: 2020-03-10 00:00:00+00:00, 'amount': 0.13336518821288498, 'cost_basis': 7270.2887957699995, 'last_sale_price': 8439.0}]",8439.0,0.16108048314376394,0.0040798354679435185,1.4779910541017955,0,8580.851999999995,0,0,,3.1053140596434963,6.241651410723762,1120.870391638956,1120.870391638956,85,[],0.001
2020-01-25 23:59:00+00:00,0.27191925082132656,0.11858467291534858,,0.08975949885687351,1.0387273256854173e-17,,0.0,6.241651410723762,6.241651410723762,1112.3430215046242,1112.3430215046242,0.11758467291534858,0.9944200456506737,0.02599548888291396,1112.3430215046242,8420.8289999995,1112.3430215046242,1,-0.06916286304062619,1.0000412918823296,0.9944200456506737,[],2020-01-25 23:59:00+00:00,2020-01,2020-01-25 00:00:00+00:00,-13.125801823912298,1118.584672915348,"[{'sid': Trading Pair btc_usdt(374465) Exchange: binance, Introduced On: 2017-08-18 00:00:00+00:00, Base Currency: btc, Quote Currency: usdt, Exchange Leverage: 1.0, Minimum Trade Size: 1e-06 Last daily ingestion: 2020-03-09 00:00:00+00:00 Last minutely ingestion: 2020-03-10 00:00:00+00:00, 'amount': 0.13336518821288498, 'cost_basis': 7270.2887957699995, 'last_sale_price': 8340.58}]",8340.58,0.14753935965152443,-0.01159819769887383,1.339411305832884,0,8520.497999999996,0,0,,2.7908513402500588,6.241651410723762,1125.4688233285365,1125.4688233285365,86,[],0.001
2020-01-26 23:59:00+00:00,0.2755233639088737,0.15518274786472852,,0.09084925835573032,1.0386571010748726e-17,,0.0,6.241651410723762,6.241651410723762,1148.941096454004,1148.941096454004,0.15418274786472852,0.9945968277120992,0.046365959135572885,1148.941096454004,8463.678999999498,1148.941096454004,1,-0.06916286304062619,1.0000412918823296,0.9945968277120992,[],2020-01-26 23:59:00+00:00,2020-01,2020-01-26 00:00:00+00:00,36.59807494937991,1155.1827478647278,"[{'sid': Trading Pair btc_usdt(374465) Exchange: binance, Introduced On: 2017-08-18 00:00:00+00:00, Base Currency: btc, Quote Currency: usdt, Exchange Leverage: 1.0, Minimum Trade Size: 1e-06 Last daily ingestion: 2020-03-09 00:00:00+00:00 Last minutely ingestion: 2020-03-10 00:00:00+00:00, 'amount': 0.13336518821288498, 'cost_basis': 7270.2887957699995, 'last_sale_price': 8615.0}]",8615.0,0.1852954570782707,0.032718198126204405,1.6506597624569523,0,8496.291999999994,0,0,,3.5051708052975896,6.241651410723762,1112.3430215046242,1112.3430215046242,87,[],0.001
2020-01-27 23:59:00+00:00,0.27922723336899274,0.19420140098017247,,0.091940107614086,1.0385884862374022e-17,,0.0,6.241651410723762,6.241651410723762,1187.959749569448,1187.959749569448,0.19320140098017247,0.9947733678711139,0.06640632982902493,1187.959749569448,8501.793499999498,1187.959749569448,1,-0.06916286304062619,1.0000412918823296,0.9947733678711139,[],2020-01-27 23:59:00+00:00,2020-01,2020-01-27 00:00:00+00:00,39.01865311544384,1194.2014009801717,"[{'sid': Trading Pair btc_usdt(374465) Exchange: binance, Introduced On: 2017-08-18 00:00:00+00:00, Base Currency: btc, Quote Currency: usdt, Exchange Leverage: 1.0, Minimum Trade Size: 1e-06 Last daily ingestion: 2020-03-09 00:00:00+00:00 Last minutely ingestion: 2020-03-10 00:00:00+00:00, 'amount': 0.13336518821288498, 'cost_basis': 7270.2887957699995, 'last_sale_price': 8907.57}]",8907.57,0.22554872369201293,0.03377703933647469,1.9566585722112855,0,8541.333999999993,0,0,,4.234944486538302,6.241651410723762,1148.941096454004,1148.941096454004,88,[],0.001
2020-01-28 23:59:00+00:00,0.2900774817106019,0.2564349324064996,,0.09303204772169993,1.0385214264480675e-17,,0.0,6.241651410723762,6.241651410723762,1250.193280995775,1250.193280995775,0.2554349324064996,0.9950322525665783,0.09463304001349157,1250.193280995775,8567.704999999,1250.193280995775,1,-0.06916286304062619,1.0000412918823296,0.9950322525665783,[],2020-01-28 23:59:00+00:00,2020-01,2020-01-28 00:00:00+00:00,62.23353142632709,1256.4349324064988,"[{'sid': Trading Pair btc_usdt(374465) Exchange: binance, Introduced On: 2017-08-18 00:00:00+00:00, Base Currency: btc, Quote Currency: usdt, Exchange Leverage: 1.0, Minimum Trade Size: 1e-06 Last daily ingestion: 2020-03-09 00:00:00+00:00 Last minutely ingestion: 2020-03-10 00:00:00+00:00, 'amount': 0.13336518821288498, 'cost_basis': 7270.2887957699995, 'last_sale_price': 9374.20999999}]",9374.20999999,0.28975142503608164,0.05211309530808397,2.3709863486291547,0,8735.271999997998,0,0,,5.361318841126827,6.241651410723762,1187.959749569448,1187.959749569448,89,[],0.001
2020-01-29 23:59:00+00:00,0.28897215718639363,0.24674195052852088,,0.09412507976942153,1.038455869434686e-17,,0.0,6.241651410723762,6.241651410723762,1240.5002991177962,1240.5002991177962,0.24574195052852088,0.9949936300706992,0.08862023449924676,1240.5002991177962,8641.893499998998,1240.5002991177962,1,-0.06916286304062619,1.0000412918823296,0.9949936300706992,[],2020-01-29 23:59:00+00:00,2020-01,2020-01-29 00:00:00+00:00,-9.69298187797881,1246.74195052852,"[{'sid': Trading Pair btc_usdt(374465) Exchange: binance, Introduced On: 2017-08-18 00:00:00+00:00, Base Currency: btc, Quote Currency: usdt, Exchange Leverage: 1.0, Minimum Trade Size: 1e-06 Last daily ingestion: 2020-03-09 00:00:00+00:00 Last minutely ingestion: 2020-03-10 00:00:00+00:00, 'amount': 0.13336518821288498, 'cost_basis': 7270.2887957699995, 'last_sale_price': 9301.53}]",9301.53,0.27975174148313964,-0.007714670794303262,2.278858943596217,0,8907.777999997998,0,0,,5.135893016304149,6.241651410723762,1250.193280995775,1250.193280995775,90,[],0.001
2020-01-30 23:59:00+00:00,0.2892890231542213,0.2749726935680905,,0.09521920484919089,1.038391765241938e-17,,0.0,6.241651410723762,6.241651410723762,1268.731042157366,1268.731042157366,0.2739726935680905,0.9951044822824745,0.10060177219933446,1268.731042157366,8707.702999998499,1268.731042157366,1,-0.06916286304062619,1.0000412918823296,0.9951044822824745,[],2020-01-30 23:59:00+00:00,2020-01,2020-01-30 00:00:00+00:00,28.23074303956969,1274.9726935680897,"[{'sid': Trading Pair btc_usdt(374465) Exchange: binance, Introduced On: 2017-08-18 00:00:00+00:00, Base Currency: btc, Quote Currency: usdt, Exchange Leverage: 1.0, Minimum Trade Size: 1e-06 Last daily ingestion: 2020-03-09 00:00:00+00:00 Last minutely ingestion: 2020-03-10 00:00:00+00:00, 'amount': 0.13336518821288498, 'cost_basis': 7270.2887957699995, 'last_sale_price': 9513.20999999}]",9513.20999999,0.30887575104117504,0.02264361364242383,2.4681047715513222,0,9142.303999995998,0,0,,5.599348679943108,6.241651410723762,1240.5002991177962,1240.5002991177962,91,[],0.001
2020-01-31 23:59:00+00:00,0.2895187280167382,0.25359158659513437,,0.0963144240540399,1.0383290661044088e-17,,0.0,6.241651410723762,6.241651410723762,1247.3499351844098,1247.3499351844098,0.25259158659513437,0.9950209849224685,0.08883874662948273,1247.3499351844098,8774.3469999985,1247.3499351844098,1,-0.06916286304062619,1.0000412918823296,0.9950209849224685,[],2020-01-31 23:59:00+00:00,2020-01,2020-01-31 00:00:00+00:00,-21.381106972956104,1253.5915865951335,"[{'sid': Trading Pair btc_usdt(374465) Exchange: binance, Introduced On: 2017-08-18 00:00:00+00:00, Base Currency: btc, Quote Currency: usdt, Exchange Leverage: 1.0, Minimum Trade Size: 1e-06 Last daily ingestion: 2020-03-09 00:00:00+00:00 Last minutely ingestion: 2020-03-10 00:00:00+00:00, 'amount': 0.13336518821288498, 'cost_basis': 7270.2887957699995, 'last_sale_price': 9352.89}]",9352.89,0.2868181111494819,-0.016769854821847015,2.2806813958425343,0,9289.881999995998,0,0,,5.08624549603439,6.241651410723762,1268.731042157366,1268.731042157366,92,[],0.001
2020-02-01 23:59:00+00:00,0.2879436349607624,0.25782193036524714,,0.09741073847809378,1.0382677263278908e-17,,0.0,6.241651410723762,6.241651410723762,1251.5802789545226,1251.5802789545226,0.25682193036524714,0.995037730492653,0.08977188233974688,1251.5802789545226,8834.3284999985,1251.5802789545226,1,-0.06916286304062619,1.0000412918823296,0.995037730492653,[],2020-02-01 23:59:00+00:00,2020-02,2020-02-01 00:00:00+00:00,4.230343770112768,1257.8219303652463,"[{'sid': Trading Pair btc_usdt(374465) Exchange: binance, Introduced On: 2017-08-18 00:00:00+00:00, Base Currency: btc, Quote Currency: usdt, Exchange Leverage: 1.0, Minimum Trade Size: 1e-06 Last daily ingestion: 2020-03-09 00:00:00+00:00 Last minutely ingestion: 2020-03-10 00:00:00+00:00, 'amount': 0.13336518821288498, 'cost_basis': 7270.2887957699995, 'last_sale_price': 9384.61}]",9384.61,0.2911823098608602,0.0033745789420960926,2.300255733853632,0,9385.289999995997,0,0,,5.129643714088215,6.241651410723762,1247.3499351844098,1247.3499351844098,93,[],0.001
